title,url,description,eligibility,benefits,how_to_apply,documents,application_link
,https://www.myscheme.gov.in/schemes/aaelss,"""Assam Abhinandan Education Loan Subsidy Scheme"" was launched on 26 December 2019 by the Hon'ble Chief Minister of Assam. The scheme is managed by the Finance Department, Govt. of Assam. The govt. will provide a loan subsidy of up to ₹ 50,000 on education loans to students pursuing higher education.","- The applicant student should be a permanent resident of Assam.
- The Education Loan should have been availed from any Scheduled Commercial Bank or Regional Rural Bank within the state recognized by the Reserve Bank of India.
- The education loan should be a minimum of ₹ 1,00,000.",,,,https://assamfinanceloans.in/subsidy/gotoHomeLoanApplication.action
,https://www.myscheme.gov.in/schemes/aejkbocwwb,"The ""Academic Education"" scheme by the JKBOCW Welfare Board, Labour Department, Jammu & Kashmir, provides financial assistance to regular students from Class 9th to Post-Graduation.","- The applicant should be a resident of Jammu & Kashmir.
- The applicant should be a Building/ Construction Worker.
- The applicant should be between 18 and 60 years.
- The applicant should have engaged in any building or other construction work for at least 90 days during the preceding 12 months.
- The registration of the applicant should be renewed annually.
- The parent/s must be registered member/s of the ""Jammu & Kashmir Building and Other Construction Workers Welfare Board"".
- The parent/s must have an active membership with the JKBOCWW Board.
- The child must be a student.
- The child must be a regular in attendance.","- Class 9th to 10th: ₹4,500/-.
- Class 11th to 12th: ₹ 6,000/-.
- Undergraduate: ₹10,000/-.
- Postgraduate: ₹15,000/-.",,,https://portal.jkbocw.gov.in/LoginGuest.aspx
,https://www.myscheme.gov.in/schemes/amsmhsslc,"The Directorate of Educational Research & Training Meghalaya, Shillong is implementing a scheme in providing a one-time award for meritorious tribal students of Meghalaya who passed the current HSSLC Examination (Science) every year.","- The applicant should be a tribal student belonging to the Khasi, Jaintia, Garo, Koch, or Hajong tribes of Meghalaya.
- The applicant should be a permanent resident of Meghalaya.
- The applicant should have passed the current HSSLC Examination from the Science stream.
- The applicant should have secured 60% or above aggregate marks in the examination.",,,,
,https://www.myscheme.gov.in/schemes/atbs,"The ""Awards to Bright Students"" scheme offers financial assistance to the top two boys and two girls from Adi Dravidar/Tribal/Adi Dravidar Converted to Christianity in each district who have excelled in their 10th standard public examinations and continue their studies.","- The beneficiary should be a resident of Tamil Nadu.
- The beneficiary should be a student.
- The beneficiary should have passed 10th std., Public Examinations.
- The beneficiary should be among the top two boys or two girls in their concerned district.
- The beneficiary should be continuing their studies after 10th standard.
- The beneficiary should belong to the Adi Dravidar/ Tribal/ Adi Dravidar Converted to Christianity communities.","- For the first year: ₹800/-.
- For the next five years (per year): ₹960/-.",,,
,https://www.myscheme.gov.in/schemes/atfy,The scheme aims to empower the youth of Uttarakhand by providing free adventure training programs that develop their skills and capabilities through various adventure activities.,"- The applicant must be a permanent resident of Uttarakhand.
- The applicant must be a male or female.
- The applicant must be between 15 to 30 years of age as on 1st March, 2023.
- The applicant must have passed at least class 8 th .
- The applicant must be physically fit to undergo adventure training.
- The applicant must not be suffering from Heart disease, Asthma, Epilepsy, or have rods implanted in arms or legs.
- The applicant will be given preference if they belong to volunteer of PARD, member of NSS, NCC, member/official of Yuvak or Mahila Mangal Dal.",,"- The department invites applications annually through newspapers.
- Interested candidates must obtain the application form from the PRD office and submit it along with the following documents: a photocopy of their educational qualification certificate, two passport-size color photographs, Aadhaar card, permanent residence certificate, and a health certificate issued by a medical officer.
- Once the documents are verified, eligible candidates are sent for training through the District Youth Welfare and PRD officers.",,
,https://www.myscheme.gov.in/schemes/bplscs,"The scheme “BPL Scholarship For College Students” was implemented by the Department of Higher Education, Government of Chhattisgarh since 2005 to provide financial assistance to meritorious students from BPL category families to meet a part of their day-to-day expenses while pursuing higher studies.","- The students of Graduate Level (UG) & Post Graduate Level (PG) who are studying in any Government college of Chhattisgarh, under the Higher Education Department are eligible to apply under the scheme.
- The student's guardian should have a BPL Card.
- The student is not getting the benefit of any other scholarship scheme.
- The students should pass the annual examination in the first attempt.
- The student attendance should not be shortened.","- The rate of scholarship for Post Graduate Level (PG) students is ₹500/- per month.
- The rate of scholarship for Graduate Level (UG) students is ₹300/- per month.
- The renewal applicants will get a full scholarship i.e. ₹3000 for UG Classes and ₹5000 for PG Classes.","- By the Institute where the student is studying.
- By the State Government office.",,
,https://www.myscheme.gov.in/schemes/bsccs,The Bihar Government launched the Bihar Student Credit Card (BSCC) scheme to provide financial aid to applicants to complete their higher education.,"- The applicant must be a resident of Bihar state and should be at least 25 years.
- The applicant must have passed the class 12th.
- The applicant must get admission to a course in an authorized institute.
- The applicant must complete the entire course.","- A maximum loan amount of ₹4 lakh.
- Loan can be availed for polytechnic, technical and general courses.
- This assistance may be utilized for purchasing of books and laptops or pay any kind of fees.
- Repayment of the loan starts once the course has been completed and student have secured a job.
- The interest rate of the loan is 1% for Divyang, transgender, and girl students.
- The recovery procedures are flexible since the loan is government-owned.","- Visit https://www.7nishchay-yuvaupmission.bihar.gov.in/ website.
- Click the ‘New Applicant Registration’ button.
- Fill the details, such as name, email ID, mobile number, Aadhaar number, and OTP and click the ‘Submit’ button.
- A successful registration message will be displayed, and the applicants will receive the username and password by email and SMS.
- Visit the https://www.7nishchay-yuvaupmission.bihar.gov.in/ website and log in using the username and password.
- Fill the details on the ‘Personal Information Page’ and click the ‘Submit’ button.
- Selects the ‘BSCC’ option from the drop-down list and click the ‘Apply’ button.
- Fill in the details on the BSCC form and submit it. A confirmation message and the acknowledgement number will be displayed.
- The respective District Registration and Counseling Center (DRCC) will schedule an appointment and send an email and SMS informing the applicant about the date of the visit to the DRCC.
- The applicant should visit the DRCC with self-attested documents and submit them to the Multi-Purpose Assistant (MPA) for verification.
- After verification by the concerned authorities and loan sanction by the bank, the DRCC will send an SMS and email to the applicant informing the date the applicant should visit the DRCC to collect the ‘Student Credit Card’ and sanction letter of the loan.
- The applicant should visit the bank to complete the documentation formalities after collecting the ‘Student Credit Card’ and the bank’s sanction letter from the DRCC.
- The applicant will get the loan disbursement from the bank, and bank officials will inform the same to the DRCC.
- The applicants can also track their application status on https://www.7nishchay-yuvaupmission.bihar.gov.in/addapplicationStatus .",,https://www.7nishchay-yuvaupmission.bihar.gov.in/addapplicationStatus
,https://www.myscheme.gov.in/schemes/ceaf,Children Education Assistance Fund (CEAF) is a scheme launched by the Nagaland state government to provide financial assistance to children who are studying in classes 1 to 10 in government schools. The scheme aims to ensure that no child is deprived of education due to financial constraints.,"- The scheme may not be applicable to students studying in private schools.
- The scheme may not be applicable to students who are receiving financial assistance from other government schemes for education.
- The scheme may not be applicable for students who have repeated classes or are over-age for their class.
- The scheme may not be applicable to students who have poor academic performance.
- The scheme may not be applicable to students who are absent from school for a significant period of time","- Financial Assistance: Under the CEAF scheme, eligible children are provided with financial assistance to cover the cost of tuition fees, textbooks, uniforms, and other educational expenses. This helps to reduce the burden of education-related expenses on families, especially those from economically weaker sections of society.
- Promotes Education: The CEAF scheme aims to ensure that no child is deprived of education due to financial constraints. By providing financial assistance to children, the scheme promotes education and helps to improve literacy rates in Nagaland.
- Inclusivity: The scheme ensures that all children, regardless of their socio-economic background, have access to education. This promotes inclusivity and helps to build a more equitable society.
- Reduced Drop-Out Rates: The financial assistance provided by the CEAF scheme can help to reduce the drop-out rates of children in government schools. By covering the cost of education-related expenses, the scheme encourages children to continue their education and complete their studies.","- Obtain the application form: Applicants can obtain the CEAF scheme application form from the office of the Department of School Education in Nagaland or any other designated office.
- Fill up the application form: Applicants should fill up the application form with accurate details and attach necessary documents as per the requirement of the scheme.
- Submit the application: The filled-up application form along with the necessary documents can then be submitted to the office of the Department of School Education or any other designated office.
- Application verification: The department will verify the application and the attached documents. If the application is found to be correct and complete, the department will process the application for financial assistance.
- Approval and disbursal of financial assistance: Once the application is approved, the financial assistance will be disbursed directly to the bank account of the parent/guardian of the child.",,
,https://www.myscheme.gov.in/schemes/cms-g,The scheme aims to provide merit-based scholarship to students of Assam studying in first semester degree and master degree courses in recognized institutions. It benefits academically meritorious students who have obtained at least 60% marks in their last qualifying examination.,"- The applicant must be pursuing general degree or master's degree courses in Arts, Science, or Commerce discipline in any recognized institution.
- The applicant must be domiciled in Assam (Permanent Resident Certificate document mandatory).
- The applicant must have obtained minimum 60% marks in Higher Secondary examination for those applying for Combined Merit Degree Scholarship scheme.
- The applicant must have obtained minimum 60% marks in General Degree (Three Year Degree Course) examination for those applying for Combined Merit Master Degree Scholarship scheme.
- The applicant must possess relevant qualification from any recognized institution.
- The applicant must have a valid bank account in their name (preferably in State Bank of India).","- For Degree Courses: ₹300/- per month.
- For Master Degree Courses: ₹500/- per month.
- The scheme provides 200 scholarships for degree students (three years duration) and 100 scholarships for master degree students (two years duration).
- The applicant must maintain enrollment in the respective degree or master's degree course throughout the scholarship period.
- Academic performance standards must be maintained as per institutional and scheme requirements.
- Regular attendance and compliance with all institutional rules and regulations.
- Bank account must remain active and updated for Direct Benefit Transfer disbursement.",,,
,https://www.myscheme.gov.in/schemes/cmss,"Under this scheme, financial support is provided to students from Class XI to Ph.D. level. It offers a fixed annual scholarship of ₹6,000 for post-matric studies, which is paid directly into the students’ bank accounts. This scholarship is often provided in addition to other scholarships.","- The student must be a domicile of Meghalaya.
- The student must have a valid bank account, mobile number, and email ID.
- Students pursuing part-time or correspondence courses are not eligible.
- The student must have secured at least 35% marks in the preceding academic year.
- The scholarship is available only to students pursuing full-time regular courses in recognized institutions, including:",,"- PDS (Ration Card)
- Election Photo ID Card (EPIC).",,
,https://www.myscheme.gov.in/schemes/cmssg,"The scheme ""Chief Minister Scholarship Scheme"" by the Education Department, Government of Gujarat, aims to provide financial assistance to meritorious students for pursuing medical, engineering, diploma, and higher education courses.","- The applicant must be a resident of Gujarat.
- The applicant must be a student.
- The applicant must have passed the Class 10th or Class 12th examination.
- The applicant must have secured admission in a diploma course, a degree course after diploma, or a degree course after Class 12th.
- The applicant must be pursuing medical, dental, engineering, technology, pharmacy, Ayurveda, homeopathy, nursing, physiotherapy, para-medical, or higher education courses.
- The applicant must have a family annual income of less than or equal to ₹4,50,000/-.",,,,
,https://www.myscheme.gov.in/schemes/csss-cus,A scholarship scheme by the Dept. of Higher Education to provide financial assistance to meritorious students from poor families to meet a part of their day-to-day expenses while pursuing higher studies. The scholarships are awarded on the basis of results of Higher Secondary / Class 12th Board Exam,"- The applicant must be above the 80th percentile of successful candidates in the relevant stream from the respective Board of Examination in Class 12th of 10+2 pattern or equivalent.
- The applicant must be pursuing regular degree courses.
- The applicant must be pursuing courses at colleges/ institutions recognized by the All India Council for Technical Education and the respective Regulatory Bodies concerned.
- The gross parental/ family income of the applicant should not exceed ₹4,50,000/- per annum.
- For renewal of scholarship in each year of study, besides getting at least 50% marks in the Annual Examination, maintenance of adequate attendance should be at least 75%.
- The students are required to have Aadhaar seeded bank accounts opened in their name.","- ₹12,000/-per annum at the Graduation level for the first three years of College and University courses.
- ₹20,000 per annum at the Post-graduation level.
- ₹20,000/-per annum in the 4th and 5th year to the Students pursuing professional courses, in case, where the duration of the course is five (5) years/Integrated course.
- Students pursuing technical courses such as B.Tech, B.Engg. will get scholarship up to graduation level only i.e. ₹12,000 p.a. for 1st, 2nd, and 3rd year and ₹20,000 in the 4th year.",,,
,https://www.myscheme.gov.in/schemes/dbramascs,"""Dr. B.R. Ambedkar Memorial Award to Scheduled Caste Students” was introduced by the Adi Dravidar Welfare Dept, Govt of Puducherry, is granted to top ranking boy and girl student in each region (Pondicherry, Karaikal and Yanam) who have secured 55% marks in the Higher Secondary Examination.","- The applicant should be from a Scheduled Caste.
- The applicant should be a Student.
- The applicant should have secured 55% or above marks in the Higher Secondary Examination.
- The applicant should be a Native/Resident of the Union Territory of Puducherry for not less than 5 years.",,,,
,https://www.myscheme.gov.in/schemes/des-sdspdpgc,"The scheme “Distance Education Scholarship–Scholarship for Disabled Students Pursuing Degree, PG Courses” was launched by the Department of Social Justice, Government of Kerala.","- The applicant should be a permanent resident of Kerala.
- The applicant should be a differently abled student.
- The differently abled students pursuing Degrees, PG courses through Open universities, Distance education, or through Private registration (Universities inside Kerala) are eligible to apply for scholarships.
- The annual family income of the student should not exceed ₹1,00,000/-.
- Only those students who are appearing for the exam each year will be eligible for further financial assistance.","- Under the scheme, the scholarship is given to eligible students for meeting the expenses of Registration fees, Course fees, Tuition fees, Exam fees, Purchase of books, study materials, etc.
- The amount of assistance is provided up to a maximum of ₹10,000/-.",,,https://suneethi.sjd.kerala.gov.in
,https://www.myscheme.gov.in/schemes/dssmp,"""Divyangjan Scholarship Scheme"" provides financial assistance for the education and training of differently-abled children, who are regular students in a school or college. The application needs to be submitted to the District Office, Panchayat and Social Welfare / Janpad Panchayat Office.","- The applicant should be a resident of Chhattisgarh.
- The applicant should be a Student.
- The applicant should be differently-abled.
- The applicant should have a disability of 40% or above.
- The applicant should be a regular student in a college/technical school.","- ₹150/- per month for the Students of 1st to 5th Standard
- ₹170/- per month for the Students of 6th to 8th Standard
- ₹190/- per month for the Students of 9th to 12th Standard",,,https://sw.cg.gov.in/sites/default/files/divyangscholarshipscheme.pdf
,https://www.myscheme.gov.in/schemes/ehttg,Rajasthan Government started a scholarship for tribal girls higher education (College Level) In the year 1994-95.,"- The girl student should belong to the tribal class of Rajasthan.
- The girl student should be regularly studying general education in a private/government college.
- The parent/guardian/guardian/husband of the student should not be an income taxpayer.
- After passing the board examination, there should not be any gap in the continuous study of the student applying for the scheme.
- The student who is studying by living in a hostel run by the government. They will not be entitled to benefit under the said scheme.
- Must have Vaidya Bhamashah card and Aadhaar card.
- The girl student should be a native of Rajasthan.","- Annual financial assistance of Rs. 5,000/- is provided for 10 months at the rate of Rs.500/- per month.","- Applicant to log in to RajSSO Portal using his/her SSOID.
- If SSOID is not available then the applicant to first register on RajSSO Portal to create SSOID and update SSO Profile at first login.
- After successful authentication/login and updation of the SSOID Profile and select the scheme name.
- Select his/her name, the bank account and fill in personal details.
- Upload the required document.
- Click the “SUBMIT” button.",,https://sso.rajasthan.gov.in/register
,https://www.myscheme.gov.in/schemes/fae-gbocwwb,"Through the ""Financial Assistance for Education (GBOCWWB)"" scheme, the worker registered with the Board is provided with financial assistance, as determined by the Board, for the education of their children. The applications are accepted offline.","- The applicant should be a Worker registered with the Goa Building and Other Construction Workers Welfare Board.
- The worker should be between 18 to 60 years of age.
- The worker should have completed ninety days of service as a registered worker in the year.
- The ward of the worker should be pursuing education.",,,,https://labour.goa.gov.in/wp-content/uploads/2020/07/Scheme-8-Financial-Assistance-For-Education.pdf
,https://www.myscheme.gov.in/schemes/fatyg,The scheme aims to promote self-employment & entrepreneurship among rural youth by providing financial support. Financial assistance is provided to Mangal Dals affiliated with the department to help them start employment-oriented projects in 18 identified business sectors.,"- The applicant must be a Mangal Dal affiliated with the Youth Welfare and PRD Department of Uttarakhand.
- The members of Mangal Dal must be permanent residents of Uttarakhand.
- The applicant (Mangal Dal) must not have benefited previously under the scheme.","- Dairy Production – ₹1,00,000/-
- Tent Utensil Rental – ₹50,000/-
- Sound System Rental – ₹50,000/-
- Flour Mill Setup – ₹50,000/-
- Photocopy/Fax/Lamination Machine – ₹1,00,000/-
- Mushroom/Vegetable/Flower Cultivation – ₹50,000/-
- Handloom/Woolen Items Production Equipment – ₹50,000/-
- Adventure Sports Equipment – ₹4,00,000/-
- Tailoring/Beauty Parlor Equipment – ₹50,000/-
- Organic Fertilizer/Animal Feed Production – ₹50,000/-
- Fruit Preservation Unit – ₹50,000/-
- Animal Husbandry – ₹50,000/-
- Cultural Instrument Purchase – ₹50,000/-
- Electronics Repairs/Works – ₹50,000/-
- Vehicle Repair Work – ₹50,000/-
- Plumbing Work – ₹10,000/-
- Mobile Phone Repair – ₹12,000/-
- Innovative Projects – ₹1,50,000/-","- To avail of financial assistance, interested Yuvak/Mahila Mangal Dal members must obtain an application form from the Youth Welfare and PRD office.
- The application must include a group photo of all team members, a description or work plan of the business they intend to undertake, details regarding the availability of a building or land for the business, and a certified estimate of potential expenses. In addition, the application should contain the team’s registration number, names of all team members, their birth certificates, educational qualification certificates, permanent residence certificates, the team’s bank account details, and any training or experience certificates related to the business. Details of the family’s monthly income from all sources must also be submitted.
- All completed applications are to be submitted to the District Youth Welfare and PRD Officer through the Regional Youth Welfare and PRD Officer.
- The District Officer will conduct a site inspection and forward the proposal along with their recommendation to the District Magistrate. For the purpose of selection and monitoring, the list of recommended youth groups will be sent to the Director, Youth Welfare and PRD Directorate, who will select a minimum of two beneficiary youth groups from each district and provide financial assistance within the allocated budget.
- The approved amount will be transferred directly to the bank account of the group.",,
,https://www.myscheme.gov.in/schemes/fesg,"The ""Foreign Education Scheme"" provides financial assistance for non-reserved category students pursuing higher education abroad after Standard 12.","- The applicant must belong to a unreserved category.
- The applicant must have scored 60% or more in Standard 12.
- The applicant must have secured admission to an MBBS, graduation, post-graduation, or equivalent diploma course abroad.
- The applicant’s family's annual income must be ₹6,00,000/- or less.","- For loans of total loan amount of ₹7,50,000/- or less for the entire course, a charge of one and a half times the loan amount will have to be registered on the beneficiary's own property or that of a relative.
- If the total loan amount for the entire course is more than ₹7,50,000/-, the immovable property of oneself or any other relative equal to that total amount will have to be mortgaged in favor of the Corporation.
- In case of total loan up to ₹5,00,000/-, it will have to be repaid in equal monthly installments over 5 (five) years, 1 year after completion of studies.
- In case of loan exceeding ₹5,00,000/-, it will have to be repaid in equal monthly installments over 6 (six) years, starting 1 year after completion of studies.
- The money from the loan being repaid will continue to be deposited as interest first.
- The borrower can repay the loan even before the specified time limit.",,,https://esamajkalyan.gujarat.gov.in/ViewApplicationStatus.aspx
,https://www.myscheme.gov.in/schemes/free-ug-students-only,"The scheme ""Freeship Less than ₹1,00,000 only for UG students"" by the Dean Student Welfare, GBPUAT, Pantnagar aims to support meritorious undergraduate students from low-income families. This Freeship scheme provides full tuition fee exemption to eligible students.","- The applicant should be enrolled as an undergraduate student at Govind Ballabh Pant University.
- The applicant’s annual family income should be less than ₹1,00,000.
- The applicant must be among the best-performing students as per the university’s merit guidelines.
- The applicant must submit the application in the prescribed format within the deadline.",,,,
,https://www.myscheme.gov.in/schemes/freeship-ug-students-only,"The scheme ""Freeship Less than ₹1,00,000 only for UG students"" by the Dean Student Welfare, GBPUAT, Pantnagar aims to support meritorious undergraduate students from low-income families. This Freeship scheme provides full tuition fee exemption to eligible students.","- The applicant should be enrolled as an undergraduate student at Govind Ballabh Pant University.
- The applicant’s annual family income should be less than ₹1,00,000.
- The applicant must be among the best-performing students as per the university’s merit guidelines.
- The applicant must submit the application in the prescribed format within the deadline","- Eligible students get a 100% tuition fee waiver.
- Aims to reduce the financial burden on low-income families and encourage academic excellence.
- The fee waiver is directly applied during fee processing.
- Granted once every academic year, at the beginning of the session.
- Disbursed after the final selection list is approved by the Registrar and Vice Chancellor.
- Validity:",,,
,https://www.myscheme.gov.in/schemes/issoel,"The scheme ""Interest Subsidy Scheme on Education Loan"" by the Education Department, Gujarat, aims to provide financial support to students by offering 100% interest subsidy on education loans.","- The applicant must be a resident of Gujarat.
- The applicant must be a student.
- The applicant must have passed HSC (Higher Secondary Certificate) with at least 60 percentile.
- The applicant must have taken an education loan from a recognized bank for pursuing higher education in India or abroad.
- The applicant must have a family income not exceeding ₹6,00,000/- per year.","- Interest Subsidy Assistance: 100% interest subsidy on education loans up to ₹10,00,000/- for the moratorium period (course duration + 1 year).",,,https://kcg.gujarat.gov.in/education_loan/pdf/How%20to%20Apply-English.pdf
,https://www.myscheme.gov.in/schemes/laptopmeghalaya,"The aims to award laptops to meritorious students of Board Examination. Through this scheme, laptops are provided to eligible students who meet the published merit criteria.","- The applicant must have studied in the State of Meghalaya; or the applicant should be a resident of Meghalaya who studied outside the State.
- The applicant must have topped in the respective Annual School Board Examinations in a particular year.
- The applicant must have passed the examinations conducted only by:
- Meghalaya Board of School Education (MBOSE);
- Council for the Indian School Certificate Examinations (CISCE);
- Central Board for School Education (CBSE).
- The applicant must have appeared in Class X or Class XII Annual Board Examinations of the above-mentioned Boards/Council.
- The applicant of Class X of CBSE Board shall be selected as per Section 3 II (a) .
- For Class XII, the applicant should have topped in any stream, namely Arts, Commerce or Science.
- For Class X (MBOSE), the applicant who is a subject topper in Mathematics, Science or Computer Application shall also be eligible for the award.
- For Class XII (MBOSE), the applicant who is a subject topper in Physics, Chemistry, Mathematics, Computer Application or Biology shall also be eligible for the award.
- The applicant whose name appears as an MBOSE top ranker as well as a subject topper (in one or more subjects) shall be eligible for only one award in a particular year.
- However, in recognition of such achievement, the applicant shall be awarded a Laptop of configuration higher than those of other awardees.",- The eligible student will be awarded a laptop.,"- The applicant should check the probable list of meritorious students eligible for the IT Award.
- If the applicant has scored marks equal to or more than the last student in the published list but the name does not appear, the applicant should approach the Directorate of Information Technology & Communications, Meghalaya, Shillong.
- The applicant should submit the original Mark Sheet, Identity Proof and other relevant documents for verification.
- The applicant may submit claims or objections, if any, in writing on or before closing date.
- The process concludes upon completion of registration and verification by the Directorate.",,https://megedistrict.gov.in/renderApplicationForm.do?serviceId=12960005&UUID=2d25b33d-9b80-4950-9b8b-8fb1f2845366&directService=true&tempId=5187&serviceNameToDisplay=Registration+for+IT+Awards+for+Meritorious+Students+2025&grievDefined=0&serviceLinkRequired=No&userLoggedIn=N&source=CTZN&OWASP_CSRFTOKEN=EWQU-J0G2-VHX3-S9B1-NX57-5YCO-I79S-ZQNR
,https://www.myscheme.gov.in/schemes/mhvs-hte,"Under this scheme, the State Government provides financial assistance to eligible boys and girls enrolled under the Palanhar Scheme to pursue higher or technical education, based on their qualifications and interest in employment-oriented courses.","- The applicant should be a beneficiary under the Palanhar Scheme of Rajasthan.
- The applicant should have completed 15 years of age.
- The applicant’s maximum age should not exceed 21 years or till course completion (whichever is earlier).
- The applicant should be pursuing education from a university/college/technical educational institution recognized by the Government of India/State Government.
- Financial assistance is applicable for regular higher or technical education at the graduate or postgraduate level.
- The applicant should not be receiving any scholarships or grants for higher/technical education from the Central or State Government.","- Financial assistance for career-oriented higher or technical education (graduation/post-graduation courses).
- Reimbursement of the actual course fee through bank account transfer.",,,https://sje.rajasthan.gov.in/siteadmin/Uploads/202402231257087804.pdf
,https://www.myscheme.gov.in/schemes/msk,"The scheme aims to provide educational financial support to minority community students in Kerala. It offers ₹1,500/- annual scholarship to eligible students from Class 1st to Class 8th studying in government and government-aided schools.","- The applicant must be a permanent resident of Kerala.
- The applicant must be studying in Class 1st to Class 8th.
- The applicant must be studying in a Government or Government-aided school.
- The applicant must belong to a minority religious community (Hindu, Christian (all denominations), Sikh, Buddhist, Jain, or Parsi).
- The applicant's family annual income must not exceed ₹2,50,000/-.
- 30% scholarships are reserved for female students.
- The applicant (male students) may be considered for female-reserved positions if adequate female applications are not received.
- PwD: The applicant should provide disability certificate if having 40% and above physical/mental disability.
- Orphan: The applicant should provide death certificate if orphaned (father/mother/both parents deceased).
- The applicant must reapply fresh each academic year to continue receiving benefits.
- The applicant must maintain eligibility criteria throughout the benefit period.
- The applicant must not provide false declarations as it will result in immediate scholarship cancellation and recovery of disbursed amount.","- Scholarship amount of ₹1,500/- per student per academic year.
- One-time Direct Benefit Transfer (DBT) to Aadhaar-linked bank accounts in the name of selected students.
- The beneficiary must maintain an active Aadhaar-linked bank account with a nationalized or scheduled bank in their own name for Direct Benefit Transfer.
- The beneficiary must provide accurate banking details to the institutional head for successful fund transfer.
- The beneficiary must not receive any other scholarship benefits under other schemes simultaneously while availing this scholarship.
- The beneficiary must apply fresh each academic year if they wish to continue receiving the scholarship in subsequent years.
- The beneficiary must cooperate with institutional verification processes and provide original documents when requested by authorities.
- The beneficiary must immediately inform the institutional head of any change in circumstances that may affect eligibility.
- The beneficiary must return the entire scholarship amount if found guilty of providing false declarations or fraudulent information.","- Go to the official Margadeepam Scholarship portal and select ""Official Login"" from the dropdown menu.
- Log in using the last 5 digits of your Sampoorna School Code as both the username and password, then enter the captcha.
- You will be prompted to reset your password. Choose a new one and proceed to the Institution's Home Page.
- First, navigate to the ""Add Course in Institution"" menu and add all available classes (1 to 8).
- Next, go to the ""Add Student"" menu, enter the student's Admission Number, and click ""Get Details from Sampoorna"" to fetch their information.
- Ensure the Aadhaar Number, Admission Number, and Account Number are unique, as data cannot be edited after it is added.
- Click on the ""Add Scholarship Criteria"" menu to see a list of students who need details added.
- Select a student from the list and click ""Add Criteria"" to enter the required information.
- Fill in all necessary details, which include family income and academic grades.
- After entering the scholarship criteria, go to the ""Apply for Scholarship"" menu and select a class.
- A list of eligible students will be displayed; untick any students you do not wish to include in the submission.
- Review the list, tick the certification mark to confirm the details are correct, and click ""Process Application"" to submit.
- To check the status of submitted applications, view the list under the ""Submitted Applications"" menu.
- This list shows all applications that are awaiting verification by the Directorate.
- You can also view a list of students who received scholarships in previous years by clicking on ""View Selected List"".",,https://margadeepam.kerala.gov.in/files/APPLICATION%20FORM%20MARGADEEPAM%202025-26.pdf
,https://www.myscheme.gov.in/schemes/mukhopadhyaystudentfunduk,"The scheme aims to provide financial assistance of ₹25,000/- per year to meritorious & needy students pursuing B.Sc. Agriculture course in their final year of study, based on their genuine financial need, thereby helping to reduce their economic burden & support the continuation of their education.","- The applicant must be a student in need of financial support to continue their education.
- The applicant must be enrolled in the final year of the B.Sc. Agriculture course at Govind Ballabh Pant University of Agriculture and Technology, Pantnagar.
- The financial assistance is awarded for a duration of one year only.",,,,
,https://www.myscheme.gov.in/schemes/nkcj,"The ""Nursing Skill College"" scheme provides skill-based nursing education and employment opportunities to young women, especially from disadvantaged backgrounds. The scheme offers free residential training, modern learning facilities, and placement support.","- The applicant must be a resident of Jharkhand.
- The applicant must be between 18-30 years of age.
- The applicant must have passed the 12th grade in any stream.","- Free residential training in nursing for two years (ANM course)
- 100% campus placement assistance after course completion
- Safe and modern campus with advanced simulation labs
- Free 15-day residential coaching for JCECEB nursing entrance exam
- Practical training in ICU simulation labs, geriatric care, and home nursing","- Go to the official PREJHA Foundation application portal: https://app.prejha.org/anm-home.php ﻿
- Click on the ""Apply"" button.
- Fill out the first form with the personal details, including Full Name, Mobile Number, Aadhar Number, Date of Birth, etc.
- Select ""Nursing Kaushal College (ANM) Entrance Exam"" as your desired course and answer the questions regarding the course.
- Click on the ""Next"" button to move to the second part of the application.
- Fill in any remaining required details on the second form and upload the necessary documents Photograph and Aadhaar Card.
- Click the ""Submit"" button to finalize your application.
- Upon successful submission, the applicant should receive the JCECEB Registration number. Keep this number safe for future reference.
- Candidates must clear the JCECEB entrance exam and attend a personal counseling session. ﻿ ﻿",,
,https://www.myscheme.gov.in/schemes/nsych,Chhattisgarh Naunihal Scholarship Scheme has been started by the Government of Chhattisgarh in 2017.,"- Applicant should be resident of Chhattisgarh.
- Only two children from a same will get the benefits.
- There is no requirement for a specific grade to obtain the scholarship
- There will be no requirement of marks to avail the benefits of the scheme.
- After admission in college/polytechnic or other course for engineering or medical education, the students receiving scholarship amount under this scheme will be required to study for minimum 1 year in that course. In case of first year dropout, the scholarship amount will have to be returned.
- The beneficiary should have worked as a construction worker for at least 90 days in the period of one year before the date of application.",,"- The registered construction worker can submit the online application through labor office of the concerned area.
- Online application will be submitted from the date of commencement of the academic session till 31st December.
- Necessary documents to be attached with the application while applying online under the scheme: -
- Original scanned copy of the beneficiary's surviving labor registration identity card.
- Original scanned copy of Aadhaar card of sons/daughters of beneficiary workers.
- Original scanned copy of the certificate issued by the Principal in the prescribed format. (In the notified form in which the issued certificate bears the simple number and date and is confirmation of admission in the current year of study.)
- Original scanned copy of the mark sheet of previous class passed.
- Original scanned copy of bank passbook.",,https://cglabour.nic.in/BOCW/ApplicationSchemes.aspx
,https://www.myscheme.gov.in/schemes/nya,This award is to motivate young persons to achieve excellence in the field of national development or social service and to develop in them a sense of responsibility to the community and thus to improve their potential as good citizens.,"- The applicant should be a citizen of India.
- The applicant should be Between the age of 15- 29 years as of the first January of the nominated year.
- The applicant should have done extraordinarily identifiable social work.
- The applicant who Persons employed in any government service i.e. with the Central/State Governments, PSUs/Universities, Colleges/schools, etc. is not eligible for the award.
- The award will be conferred once in a lifetime.
- The Organizations Should be registered under the Registration of Societies Act, 1860 (Act XXII of 1860) for the last three years or under the corresponding State Act and have a proper constitution or Articles of Association.
- The organization should be a non-profit organization.
- The organization Should not have discriminated against any person or group of persons on the grounds of sex, religion, caste, or creed;
- The organization Has rendered extra-ordinary service involving the Youth in the relevant field for at least three years;
- The organization Has a good reputation among the local community/area
- The organization Should not have been conferred with this award earlier.","- Receive a medal, certificate, and ₹1,00,000/-.
- Receive a medal, certificate, and ₹3,00,000/-",,,
,https://www.myscheme.gov.in/schemes/nyc,"A volunteership scheme by Ministry of Youth Affairs And Sports to tap the potential of the disciplined and dedicated youth In the age group of 18 to 29 years who have the inclination and spirit to engage in nation building exercises, to serve up to two years in Nation Building activities.","- The applicant must be between 18 - 29 years of age.
- The applicant must have passed Class 10th.",,"- The online application form is available on www.nyks.nic.in
- After successful submission of online application form, an Application number is generated automatically and displayed on the screen which should be noted for future reference.",,
,https://www.myscheme.gov.in/schemes/oossh,"The scheme ""Operation of SC Senior Hostel"" provides accommodations and a conducive learning environment for Scheduled Caste students. Through this scheme, separate junior, senior, and college hostels with free boarding and lodging facilities are provided to both boys and girls.","- The applicant must belong to the Scheduled Caste category.
- The applicant must be a native of Madhya Pradesh.
- The applicant must be a regular student of a recognized institution.
- There is no income limit for senior hostels.","- Free boarding facilities
- Free lodging facilities
- Separate hostels for boys and girls
- Junior, senior, and college-level accommodations
- Sports equipment
- Toilet kits
- Library facilities
- Scholarship (90% paid to joint account of Hostel Superintendent and Mess Secretary, 10% to student's account)",,,
,https://www.myscheme.gov.in/schemes/pfjkbocwwb,"The ""Professional Education"" scheme by the JKBOCW Welfare Board, Jammu & Kashmir, provides financial assistance to regular students pursuing Para Medical, ITI, Engineering, and other recognized diploma or professional/technical degree courses.","- The parents must be registered members of the ""Jammu & Kashmir Building and Other Construction Workers Welfare Board"".
- The parents must have an active membership with the JKBOCWW Board.
- The applicant must be a student.
- The applicant must be a regular in attendance.","- Para Medical Diploma Courses (Regular Students): ₹10,000/-.
- ITI Diploma Courses (Regular Students): ₹10,000/-.
- 3-Year Engineering / Any Other Recognized Diploma Courses (Regular Students): ₹30,000/-.
- Professional / Technical Degree Courses (Regular Students): ₹50,000/-.",,,https://portal.jkbocw.gov.in/LoginGuest.aspx
,https://www.myscheme.gov.in/schemes/pmcssc,"Launched in 1976-77, the ""Post Matric College Scholarship"" is a scheme by the Scheduled Caste Welfare Department, Government of Madhya Pradesh. The scheme provides financial assistance to encourage Scheduled Caste students to pursue higher education.","- The applicant must be a student.
- The student should belong to the Scheduled Caste category.
- The student must come from a family with an income limit of up to ₹6.00 lakh to qualify.",,,,
,https://www.myscheme.gov.in/schemes/pmsssebc,The scheme aims to provide financial aid to promote education. Scholarships are provided to eligible students of Standards 1 to 10.,"- The applicant should belong to the Socially and Educationally Backward Class (SEBC).
- The applicant should be studying in Standard 1 to 10.
- The applicant should be enrolled in a Government or Aided Primary/Secondary School.
- For applicants studying in Standard 1 to 8, there is no family income limit.
- For applicants studying in Standard 9 to 10, the annual family income of the applicant’s family should not exceed ₹6,00,000/-.","- For Boys (Std. 1 to 8): ₹750/- scholarship.
- For Boys (Std. 9 to 10): ₹1000/- scholarship.
- For Girls (Std. 1 to 5): ₹500/- scholarship.
- For Girls (Std. 6 to 10): ₹1000/- scholarship.",,,
,https://www.myscheme.gov.in/schemes/rcfscspc,"Through this scheme, reimbursement of tuition fees and examination fees is facilitated for students who have achieved marks above 75% in the Higher Secondary Course Examination and secured a place in the 'Top 20' Rank. The scheme aims to alleviate the financial burden on eligible students.","- The applicant should be a Native/Resident of the Union Territory of Puducherry.
- The applicant should be from a Scheduled Caste.
- The applicant should be a Student.
- The applicant should have secured a place in the 'Top 20' Rank.
- The applicant should have secured above 75% in the Higher Secondary Course Examination.
- The applicant should be pursuing a professional education.
- The applicant should have been selected through 'CENTAC' for admission to a professional college.",,,,
,https://www.myscheme.gov.in/schemes/rofpsssisspi,"The ""Reimbursement of Fees for ST Students"" scheme by the Tribal Welfare Department, Madhya Pradesh, offers free accommodation, school fees, and education for eligible students in Sainik Schools and private institutions.","- The applicant must be a native of Madhya Pradesh.
- The applicant should belong to the Scheduled Tribe (ST) category.
- The applicant must be enrolled in a recognized Sainik School or private institution covered under the scheme.",,,,
,https://www.myscheme.gov.in/schemes/saesc,"The ""State Art Exhibition (Student Category)"" is an annual event organized by the Art, Culture and Museums Department, Government of Goa, to promote and encourage creativity in the visual arts field among local students.","- A participant must be a bona fide student of any recognised art college or institution, studying one or more of the subjects in the exhibition sections.
- If an art student submits their entry in the Student Category, they are not eligible to participate in the Artist Category.
- Submission must include an official bonafide certificate from the student's institution; entries without it will not be accepted.
- Declarations for Originality and Prior Exhibits
- Each exhibit must be the student’s original work, neither a copy nor an imitation. A declaration to this effect must appear on the back of each entry.
- If the work has previously won an award or been displayed in prior exhibitions by Kala Academy or any other institution, it will not be accepted, and a declaration to that effect must also be submitted.
- Award Winners' Restriction for Next Year
- A participant who receives an award in a given year is not eligible to receive an award in the same section in the following year","- 1st Prize: ₹10,000/-
- 2nd Prize: ₹7,000/-
- 3rd Prize: ₹5,000/-
- Ravji V. Gaunekar Memorial Prize by The Goa Hindu Association: ₹1,000/-
- Artist to Artist Award by Smt. Prafulla Dahanukar: ₹15,000/-
- Late Hanuman B. Neogi Memorial Prize: ₹1,000/-","- The form provided-with the prospectus must be filled in all respects and duly signed by the Art student.
- Include a bonafide certificate from your art institution—entries lacking this will not be accepted.
- A non-refundable cash fee of ₹50/- per section.
- If applying in multiple sections, pay separately for each.
- The receipt number must be recorded on the entry form.
- On the back of each artwork, declare that it is your original work (not copied or imitated).
- Confirm it has not won any prior awards or been displayed earlier; again, this must be stated on the entry form. Entries lacking proper declaration may be rejected.
- Submit your artwork and form in person at the Art Gallery, Kala Academy, Campal, Panaji – Goa.
- Entry dates for the 49th State Art Exhibition (2024–2025) were 10th & 11th March 2025, between 10:00 a.m.–1:00 p.m. and 2:00 p.m.–4:00 p.m.
- Painting & Graphic Prints: Max size 4 ft (vertical or horizontal)
- Applied Art & Graphic Design: Max size 30 inches (vertical or horizontal)
- Sculpture: Medium-sized and durable enough to handle and transport safelykalaacademygoa.co.in
- Pieces must be mounted or framed, with ring hooks or a hanging mechanism on the back—unframed/mounted works may be disqualified.
- A three-member jury will evaluate the entries; awards may be withheld if standards aren’t met
- Judges’ decisions are final and binding
- Exhibits must remain in place during the exhibition period, and may only be removed with written permission from the Member Secretary.
- Collect your work within two days after the exhibition ends.
- Unclaimed works become the property of Kala Academy and may be disposed of—with no claims entertained
- Students who previously won awards in a section cannot win in the same section the following year.",,
,https://www.myscheme.gov.in/schemes/sak-deg,"Saksham is a Scholarship Scheme by the Ministry of Education, implemented by AICTE, aimed at providing encouragement and support to specially-abled children to pursue technical education. This is an attempt to give every young specially-abled student the opportunity to study further.","- The candidate should be admitted to the First year of the Degree level course OR the Second year of the Degree level course through lateral entry in any of the AICTE-approved institutions of the respective year.
- Specially-abled students have a disability of not less than 40%.
- Family income from all sources should not be more than Rs. 8 lakh per annum during the current financial year. A valid income certificate issued by State /UT Government needs to be enclosed.","- ₹50,000/- per annum for every year of study i.e. maximum 4 years for the first year admitted students and maximum 3 years for the second year admitted students through lateral entry as lump sum amount towards payment of college fee, purchase of computer, stationeries, books, equipment, software, etc.
- After selection, the awardee will be paid a scholarship through DBT mode on annual basis.
- The scholarship will be renewed for the next year of study on receipt of renewal through National Scholarship Portal by submitting a passing certificate/ mark sheet along with letter from the Head of the Institution on the online portal",,,
,https://www.myscheme.gov.in/schemes/sak-dip,"Saksham is a Scholarship Scheme by the Ministry of Education, implemented by AICTE, aimed at providing encouragement and support to specially-abled children to pursue technical education. This is an attempt to give every young specially-abled student the opportunity to study further.","- The candidate should be admitted to the First year of the Diploma level course OR the Second year of the Diploma level course through lateral entry in any of the AICTE-approved institutions of the respective year.
- Specially-abled students have a disability of not less than 40%.
- Family income from all sources should not be more than ₹ 8 lakh per annum during the current financial year. A valid income certificate issued by State /UT Government needs to be enclosed.","- ₹50,000/- per annum for every year of study i.e. maximum 3 years for the first year admitted students and maximum 2 years for the second year admitted students through lateral entry as lump sum amount towards payment of college fee, purchase of computer, stationeries, books, equipment, software, etc.
- After selection, the awardee will be paid a scholarship through DBT mode on annual basis.
- The scholarship will be renewed for the next year of study on receipt of renewal through National Scholarship Portal by submitting a passing certificate/ mark sheet along with a letter from the Head of the Institution on the online portal",,,
,https://www.myscheme.gov.in/schemes/sasseceie,"""Scheme for Award of Scholarships to School or College-Going Children of Employees/Industrial Employees in Various Establishments"" by the Dept of Labour and Employment, Goa provides financial assistance to the children of industry workers to support their educational pursuits.","- The applicant should be a regular worker.
- The applicant should be employed in an industrial establishment for at least six months.
- The industrial establishment should be covered under the Goa, Daman & Diu Labour Welfare Fund Act, 1986.
- The applicant should be performing any skilled or unskilled, manual or clerical labour, other than in a position of supervision or management.
- The total income of the applicant from the salary should not exceed ₹20,000 per month, including all allowances and perks but exclusive of bonus.
- The child of the applicant should be enrolled in a recognized institution in India.
- The child of the applicant should be pursuing general or technical education, including medical, engineering and agricultural studies.
- The child of the applicant should have qualified for promotion in the last annual examination with at least 45% marks.
- Children of Workers With Income, From All Sources, Not Exceeding ₹3,500 Per Month.
- Children Belonging to Other Backward Communities.
- Physically Handicapped Children.","- Group 1: ₹2,000 for Class 5th & 6th
- Group 2: ₹2,800 for Class 7th, 8th, 9th & 10th.
- Group 3: ₹3,600 for Class 11th, 12th, University Admission Index Supplementary Courses (UAI SC), etc.
- Group 4: ₹10,000 for Graduation and Post Graduation Degree Courses in Arts, Science, Commerce, and Lower Technical courses.
- Group 5: ₹20,000 for Higher Technical courses, Research, and Doctorate Studies.",,,https://labour.goa.gov.in/wp-content/uploads/2020/07/SCHEME-3-converted.pdf
,https://www.myscheme.gov.in/schemes/sctalentpool,The scheme aims to provide the best education to meritorious Scheduled Caste students in high-quality residential schools to help them build their careers and improve their living standards.,"- The applicant should belong to the Scheduled Caste.
- The applicant should from Standard 5 and Standard 10.
- The applicant should be studying in a school selected under the Talent Pool Scheme.
- The applicant's parents' income limit should not exceed ₹6,00,000/-. (whose income is between ₹2,00,000/- and ₹3,00,000/-, are eligible for 50% assistance).
- The applicant must be a student.","- Financial assistance of up to ₹40,000/- per student is provided.",,,
,https://www.myscheme.gov.in/schemes/sejkbocwwb,"The scheme ""Schooling Education"" by the Building and Other Construction Workers Welfare Board, Labour Dept., J&K, provides financial assistance for the education of children of registered construction workers, from Class Nursery/1st to 5th, and from Class 6th to 8th.","- The applicant must be a resident of Jammu & Kashmir.
- The applicant must be a Building or Construction Worker.
- The age of the applicant should be between 18 and 60 years.
- The applicant should have worked in building or construction activities for at least 90 days in the preceding 12 months.
- The registration must be renewed annually.
- One of the parents of the child must be an active, registered member of the Jammu and Kashmir Building and Other Construction Workers Welfare Board at the time of application.
- The child must be studying in Nursery to Class 8th.","- For the students in Class Nursery/1st to 5th: ₹2,500/- in education benefits.
- For the students in Class 6th to 8th: ₹3,500/- in education benefits.",,,
,https://www.myscheme.gov.in/schemes/sfgcs,"This scholarship provides financial assistance to all deserving students who want to pursue higher studies. Under this scholarship scheme, the students fulfilling the eligibility criteria will receive a maintenance allowance and other benefits.","- The applicant must be a resident of Odisha state.
- The applicant must be a girl child.
- The applicant must belong to the General/ST/SC/OBC/SEBC/EBC category.
- The applicant must be pursuing I.T.I. / I.T.C., Polytechnic/ Diploma courses.","- Reimbursement of Admission and Hostel Fee.
- Maintenance Allowances will be given of ₹1,500/- per month for Hostellers and ₹500/- for Day Scholars.
- Reimbursable cost of uniform ₹3,000/-.
- Maintenance Allowances ₹1,000/- per month for Apprenticeship Training after ITI inside the state and ₹1,500/- per month for outside the state.
- One Month Maintenance Allowances of ₹5,000/- after completion of 6 months on Jobs outside the State.",,,
,https://www.myscheme.gov.in/schemes/sfmstsa,"The Scholarships for Meritorious Students to Study Abroad by the Madhya Pradesh Government provides aid to 20 students yearly with family income under ₹8 lakh, 75% in postgraduation, and teaching experience or an M.Phil degree.","- The applicant should be a native of Madhya Pradesh.
- The applicant should be seeking a postgraduate degree with at least 75% marks in their graduation from a recognized university/institute in Madhya Pradesh.
- The applicant should have an annual family income not exceeding ₹8 lakh from all sources.
- The applicant should be under 25 years of age for postgraduate studies and under 35 years of age for PhD research.
- The applicant should have secured admission to a study program abroad.
- The applicant should have qualified for international tests such as GRE, GMAT, TOEFL, or IELTS.
- The applicant should be pursuing a PhD and have:
- 75% marks in postgraduate studies in the relevant subject.
- Two years of teaching experience or an M.Phil degree in the relevant subject from a recognized university or government college in Madhya Pradesh.",,,,
,https://www.myscheme.gov.in/schemes/shs,"The “State Horticulture Scholarship” is a scholarship scheme, launched by the Department of Horticulture, Government of Nagaland to provide scholarship/stipend to students who are pursuing B.Sc. (Horticulture) M.Sc. (Horticulture) Ph.D. (Horticulture) courses.","- Applicant should be an indigenous inhabitant of Nagaland.
- The students who are pursuing B.Sc. Hons. (Horticulture), M.Sc. Horticulture and Ph. D. Horticulture are eligible to apply.
- The institution in which the applicant is currently studying must be recognized by UGC.
- Applicant should not be receiving any form of financial assistance in the form of a Scholarship/Stipend from any other sources.","- Under the scheme, scholarships/Stipends will be given to students according to the course/programme in which they are enrolled.
- B.Sc. (Horticulture): 4 Years
- M.Sc. (Horticulture): 2 Years
- Ph.D. (Horticulture): 3 Years","- To register, visit the official Common Scholarship Portal of Nagaland: https://scholarship.nagaland.gov.in ﻿
- Create an Account: If the applicant is a new user, click on the ""Register"" option. Provide your MOBILE Number linked with AADHAAR to get an OTP and verify the mobile. Once Mobile is verified, provide essential details such as your name, email address and create a unique password. Click on the ""Register"" button to proceed.
- Login to Your Account: Once your mobile number is verified, log in to your scholarship account using the credentials the applicant created during registration.
- Personal Details: Update your personal information, including name, date of birth, gender, category, Bank Account Details, etc.
- Select your Scholarship Scheme, Institution, Institution State, Institution, District and proceed.
- Academic Information: Provide details about your educational background, such as school/college name, course, year of study, etc.
- Upload Required Documents: Depending on the scholarship applicants are applying for, applicants will need to upload supporting documents. Commonly required documents include:
- Review Your Application: Carefully review all the information applicants have entered and the documents applicants have uploaded. Make sure everything is accurate and complete.
- Submit Application: Once applicants are satisfied with your application, click on the ""Submit"" button.
- Application Tracking: After submitting your application, applicants can track its status on the portal: https://scholarship.nagaland.gov.in/ ﻿
- Log in to your account and check for updates on your application's status regularly.",,
